,Runtime,Runtime,Runtime,Runtime,Reward,Reward,Reward,Reward
,Crying Baby,Tiger,hallway,rock,Crying Baby,Tiger,hallway,rock
package,,,,,,,,
FIB,0.27764880000000003,0.17785410000000001,0.13748090000000002,,-218526,41408,3.0,
PBVI,2.2154877,0.43225060000000004,,,-217983,38115,,
POMCP,45.4317757,163.0138039,29.4376076,,-76982,-254048,10.0,
POMCPOW,45.116577299999996,704.40677,,1.191881867,-77018,-273947,,2083.0
QMDP,0.3086116,0.4524261,0.1908673,,-216687,37654,3.0,
SARSOP,0.3077569,0.4873597,0.2428088,8.104085127,-223494,37964,10.0,3276.0
